-- MySQL Script generated by MySQL Workbench
-- Wed Jan  3 21:35:42 2024
-- Model: New Model    Version: 1.0
-- MySQL Workbench Forward Engineering

SET @OLD_UNIQUE_CHECKS=@@UNIQUE_CHECKS, UNIQUE_CHECKS=0;
SET @OLD_FOREIGN_KEY_CHECKS=@@FOREIGN_KEY_CHECKS, FOREIGN_KEY_CHECKS=0;
SET @OLD_SQL_MODE=@@SQL_MODE, SQL_MODE='ONLY_FULL_GROUP_BY,STRICT_TRANS_TABLES,NO_ZERO_IN_DATE,NO_ZERO_DATE,ERROR_FOR_DIVISION_BY_ZERO,NO_ENGINE_SUBSTITUTION';

-- -----------------------------------------------------
-- Schema mydb
-- -----------------------------------------------------
-- -----------------------------------------------------
-- Schema db_pbl4_v3
-- -----------------------------------------------------
DROP SCHEMA IF EXISTS `db_pbl4_v3` ;

-- -----------------------------------------------------
-- Schema db_pbl4_v3
-- -----------------------------------------------------
CREATE SCHEMA IF NOT EXISTS `db_pbl4_v3` DEFAULT CHARACTER SET utf8mb4 COLLATE utf8mb4_0900_ai_ci ;
USE `db_pbl4_v3` ;

-- -----------------------------------------------------
-- Table `db_pbl4_v3`.`account`
-- -----------------------------------------------------
DROP TABLE IF EXISTS `db_pbl4_v3`.`account` ;

CREATE TABLE IF NOT EXISTS `db_pbl4_v3`.`account` (
  `idacc` VARCHAR(5) NOT NULL,
  `password` VARCHAR(100) NULL DEFAULT NULL,
  `username` VARCHAR(50) NULL DEFAULT NULL,
  PRIMARY KEY (`idacc`))
ENGINE = InnoDB
DEFAULT CHARACTER SET = utf8mb4
COLLATE = utf8mb4_0900_ai_ci;


-- -----------------------------------------------------
-- Table `db_pbl4_v3`.`user`
-- -----------------------------------------------------
DROP TABLE IF EXISTS `db_pbl4_v3`.`user` ;

CREATE TABLE IF NOT EXISTS `db_pbl4_v3`.`user` (
  `iduser` VARCHAR(5) NOT NULL,
  `ava` INT(11) NULL DEFAULT NULL,
  `draw` INT(11) NULL DEFAULT NULL,
  `elo` INT(11) NULL DEFAULT NULL,
  `lose` INT(11) NULL DEFAULT NULL,
  `win` INT(11) NULL DEFAULT NULL,
  `idacc` VARCHAR(5) NOT NULL,
  PRIMARY KEY (`iduser`),
  UNIQUE INDEX `UK_dhpwikde9p6sduu6f1uvuxe6s` (`idacc` ASC) VISIBLE,
  CONSTRAINT `FK7g6fkuaalgkf0rtl9ysc0tbc`
    FOREIGN KEY (`idacc`)
    REFERENCES `db_pbl4_v3`.`account` (`idacc`))
ENGINE = InnoDB
DEFAULT CHARACTER SET = utf8mb4
COLLATE = utf8mb4_0900_ai_ci;


-- -----------------------------------------------------
-- Table `db_pbl4_v3`.`friend`
-- -----------------------------------------------------
DROP TABLE IF EXISTS `db_pbl4_v3`.`friend` ;

CREATE TABLE IF NOT EXISTS `db_pbl4_v3`.`friend` (
  `id` VARCHAR(5) NOT NULL,
  `idfriend` VARCHAR(5) NOT NULL,
  `iduser` VARCHAR(5) NOT NULL,
  PRIMARY KEY (`id`),
  INDEX `FKmlflbg3lxqv204qv9e7dx6kxh` (`idfriend` ASC) VISIBLE,
  INDEX `FK35s5i85jqxyywvtejoi6m7hy7` (`iduser` ASC) VISIBLE,
  CONSTRAINT `FK35s5i85jqxyywvtejoi6m7hy7`
    FOREIGN KEY (`iduser`)
    REFERENCES `db_pbl4_v3`.`user` (`iduser`),
  CONSTRAINT `FKmlflbg3lxqv204qv9e7dx6kxh`
    FOREIGN KEY (`idfriend`)
    REFERENCES `db_pbl4_v3`.`user` (`iduser`))
ENGINE = InnoDB
DEFAULT CHARACTER SET = utf8mb4
COLLATE = utf8mb4_0900_ai_ci;


-- -----------------------------------------------------
-- Table `db_pbl4_v3`.`room`
-- -----------------------------------------------------
DROP TABLE IF EXISTS `db_pbl4_v3`.`room` ;

CREATE TABLE IF NOT EXISTS `db_pbl4_v3`.`room` (
  `idroom` VARCHAR(5) NOT NULL,
  `mode` INT(11) NULL DEFAULT NULL,
  `time_end` DATETIME(6) NULL DEFAULT NULL,
  `time_start` DATETIME(6) NULL DEFAULT NULL,
  PRIMARY KEY (`idroom`))
ENGINE = InnoDB
DEFAULT CHARACTER SET = utf8mb4
COLLATE = utf8mb4_0900_ai_ci;


-- -----------------------------------------------------
-- Table `db_pbl4_v3`.`roomuser`
-- -----------------------------------------------------
DROP TABLE IF EXISTS `db_pbl4_v3`.`roomuser` ;

CREATE TABLE IF NOT EXISTS `db_pbl4_v3`.`roomuser` (
  `id` VARCHAR(5) NOT NULL,
  `chat` VARCHAR(10000) NULL DEFAULT NULL,
  `result` VARCHAR(50) NULL DEFAULT NULL,
  `side` BIT(1) NULL DEFAULT NULL,
  `idroom` VARCHAR(5) NOT NULL,
  `iduser` VARCHAR(5) NOT NULL,
  PRIMARY KEY (`id`),
  INDEX `FKp4o07mn39s2xxgshm5bekw7ab` (`idroom` ASC) VISIBLE,
  INDEX `FK6jynn4i9yq2g58p9fvwvgwcqt` (`iduser` ASC) VISIBLE,
  CONSTRAINT `FK6jynn4i9yq2g58p9fvwvgwcqt`
    FOREIGN KEY (`iduser`)
    REFERENCES `db_pbl4_v3`.`user` (`iduser`),
  CONSTRAINT `FKp4o07mn39s2xxgshm5bekw7ab`
    FOREIGN KEY (`idroom`)
    REFERENCES `db_pbl4_v3`.`room` (`idroom`))
ENGINE = InnoDB
DEFAULT CHARACTER SET = utf8mb4
COLLATE = utf8mb4_0900_ai_ci;


SET SQL_MODE=@OLD_SQL_MODE;
SET FOREIGN_KEY_CHECKS=@OLD_FOREIGN_KEY_CHECKS;
SET UNIQUE_CHECKS=@OLD_UNIQUE_CHECKS;

INSERT INTO `account` VALUES ('>GFD2','$2a$10$o5cP5Qprpn71OJA/BXE8.e2SSqSpp6eLJNTRWkBavfFowh7hegkaC','tamphan'),('0;HeI','$2a$10$6iHkHVjgY2fBUu6ySbFjVeKLF17JQzuDPMnlIQ7qLyUpnOC/qDuHC','danhhoang'),('0jBfR','$2a$10$xsaDGFwOtaOrCASM06h2MuI50/ETBrLuVt42bBrJyoRbMO/rqA4kW','huydinh'),('0QVEA','$2a$10$nQFuJUR.bNtxpSWdoVexj.yeNrrw5K2W2A9jv7wKAMeENUVMA9msy','duyle'),('0YTfB','$2a$10$utCxSeYFwM8R.UKsVx3hb.0LrnP8TdvPL/cL/5iuraa65KJGPF1E.','huynguyen'),('6i63=','$2a$10$TIfL2f5mxoAGdWP3zfgdrOwUQZBT2JTPGh5Yzo/jbXgBvukCLjVhO','nhatquang'),('CTCFk','$2a$10$bPssyCaon4ii29YSfcYd2OWMphUYc3Ynxs8SboYQVM2RksZTo29qm','tramy'),('e86L7','$2a$10$5cDgaot1V9t7MtftvdNkNOz67T34BcmMPVauGGYcVPifo1qcDEENW','kienpham'),('FXb1<','$2a$10$P4zX6nc0xeujQEW7eKjem.G.sXZWx0F/d7hRPAa/I2CkrZAkCpgR2','longnguyen'),('H@MQh','$2a$10$s4U/i10AxaKcRMXPFwKuqenb4yKevHNpGJAlMMsmCdxGstHj0/EPi','thanhthanh'),('TjkY\\','$2a$10$NrcZ0yi.l9fo62l4ggFq7ucSERNdPsAppPe1GaC8scH9Rptn2NIpK','duyluu'),('W;Gg\\','$2a$10$MiTY22HQ4TJBNlruIggkyekGz/iLlNJDP.6zXF4UQ36DU0oI5TvYG','tiennguyen'),('Wb<Kj','$2a$10$ya1EWuaa5xZJ86EklIaFquWXxlleb9sc8grw5AG4YhbyOuJ9iBJV6','tiepnguyen'),('XR__4','$2a$10$tbEMrae3OJu7s1QRGU4M/.vKX5fY9hhbEDW6J9xTHeP5H9dBxYYx.','lochuynh');
INSERT INTO `user` VALUES ('@;b63',4,1,860,5,2,'CTCFk'),('\\KJOi',2,1,1060,3,4,'0YTfB'),('^?Uig',1,1,860,7,4,'0QVEA'),('4e:mK',4,4,840,5,1,'0;HeI'),('8CN\\P',6,4,1140,1,3,'e86L7'),('cha6U',4,1,960,3,2,'FXb1<'),('eEkQl',6,2,970,4,3,'W;Gg\\'),('eS>@Y',4,1,960,4,3,'Wb<Kj'),('I8NWU',5,4,840,8,4,'0jBfR'),('L]T3`',3,1,910,5,3,'>GFD2'),('V]G0P',5,4,1540,3,13,'H@MQh'),('WZfGh',2,2,1270,4,9,'XR__4'),('X:g:S',5,2,1170,3,6,'6i63='),('Z=VGG',4,2,920,4,2,'TjkY\\');
INSERT INTO `friend` VALUES (';=fDk','\\KJOi','X:g:S'),(';T3]0','X:g:S','^?Uig'),(':KYPJ','^?Uig','\\KJOi'),('\\7]Ek','@;b63','WZfGh'),('\\S`bR','^?Uig','WZfGh'),('^[VEF','V]G0P','4e:mK'),('^0:2B','WZfGh','eS>@Y'),('<6CfW','^?Uig','L]T3`'),('>1Dh=','WZfGh','@;b63'),('>9fHT','@;b63','^?Uig'),('>e>Ti','Z=VGG','V]G0P'),('3:RB;','Z=VGG','WZfGh'),('45k6M','L]T3`','X:g:S'),('4JWID','\\KJOi','^?Uig'),('6Hllj','WZfGh','Z=VGG'),('8b?cd','X:g:S','L]T3`'),('9gY0l','^?Uig','I8NWU'),('a6<3C','L]T3`','WZfGh'),('Acehm','eS>@Y','WZfGh'),('AKOj1','^?Uig','X:g:S'),('B2F9O','V]G0P','I8NWU'),('Cf7l2','WZfGh','4e:mK'),('D]ZlH','X:g:S','Z=VGG'),('d=eXI','X:g:S','@;b63'),('dGf]m','@;b63','L]T3`'),('Dj\\bk','V]G0P','Z=VGG'),('dTAMe','eS>@Y','V]G0P'),('e6[AT','^?Uig','@;b63'),('f>jVi','WZfGh','^?Uig'),('Fdf=Y','L]T3`','@;b63'),('fGKbl','8CN\\P','4e:mK'),('H`=A\\','@;b63','X:g:S'),('h=`_5','WZfGh','eEkQl'),('hVk]N','4e:mK','V]G0P'),('hXOVj','V]G0P','eS>@Y'),('JFi6j','I8NWU','^?Uig'),('K0RZ2','eEkQl','WZfGh'),('KDITZ','4e:mK','8CN\\P'),('L9GC5','cha6U','eS>@Y'),('Lim32','4e:mK','WZfGh'),('lPDA`','V]G0P','\\KJOi'),('LSR5P','\\KJOi','V]G0P'),('MEQ`K','Z=VGG','X:g:S'),('mF:Va','I8NWU','V]G0P'),('MFeRJ','X:g:S','\\KJOi'),('VH3PG','WZfGh','L]T3`'),('VX:Y2','eS>@Y','cha6U'),('YeNW0','L]T3`','^?Uig');
INSERT INTO `room` VALUES ('_aQ>i',-1,'2024-01-03 14:00:47.768245','2024-01-03 14:00:37.824030'),('_lGKE',-1,'2024-01-03 14:04:05.704039','2024-01-03 14:04:01.641919'),(';@C:\\',-1,'2024-01-03 14:16:16.491208','2024-01-03 14:16:11.955922'),(';bfEm',-1,'2024-01-03 14:08:29.088160','2024-01-03 14:08:26.965407'),('?RiWY',-1,'2024-01-03 14:15:54.400704','2024-01-03 14:15:50.758674'),('[gO<:',-1,'2024-01-03 14:19:42.475194','2024-01-03 14:19:35.652403'),('[RZWU',-1,'2024-01-03 14:11:56.326333','2024-01-03 14:11:50.782427'),(']?O\\@',-1,'2024-01-03 14:11:04.427231','2024-01-03 14:11:00.159010'),(']eE7K',-1,'2024-01-03 14:09:13.154219','2024-01-03 14:09:08.846680'),(']j1Si',-1,'2024-01-03 13:58:57.098433','2024-01-03 13:58:54.128458'),('@I;_2',-1,'2024-01-03 14:11:35.606907','2024-01-03 14:11:30.853702'),('\\4^HP',-1,'2024-01-03 14:08:25.423378','2024-01-03 14:08:23.686560'),('\\IRC_',-1,'2024-01-03 14:12:25.637575','2024-01-03 14:12:05.368199'),('`XdO3',-1,'2024-01-03 14:08:19.034180','2024-01-03 14:08:17.997902'),('^;7Df',-1,'2024-01-03 14:19:15.387132','2024-01-03 14:19:12.999166'),('^>T2Q',-1,'2024-01-03 14:08:22.287843','2024-01-03 14:08:20.399939'),('^XcW<',-1,'2024-01-03 14:08:32.181038','2024-01-03 14:08:31.032035'),('=@DX@',-1,'2024-01-03 14:00:34.548033','2024-01-03 14:00:32.052939'),('=55\\h',-1,'2024-01-03 14:01:54.937193','2024-01-03 14:01:51.303968'),('>W;WS',-1,'2024-01-03 14:16:03.921161','2024-01-03 14:16:00.194690'),('0e@j8',-1,'2024-01-03 14:04:10.075363','2024-01-03 14:04:08.111268'),('0YhEO',-1,'2024-01-03 14:09:20.139076','2024-01-03 14:09:18.509820'),('1Ri3[',-1,'2024-01-03 14:04:31.509687','2024-01-03 14:04:23.458269'),('4a][?',-1,'2024-01-03 14:06:53.485030','2024-01-03 14:06:48.270203'),('5;9;B',-1,'2024-01-03 14:14:08.429749','2024-01-03 14:14:06.824799'),('5:CIB',-1,'2024-01-03 14:09:16.760717','2024-01-03 14:09:15.327574'),('6?edT',-1,'2024-01-03 14:14:41.084661','2024-01-03 14:14:34.321772'),('68QQ6',-1,'2024-01-03 14:05:47.441778','2024-01-03 14:05:46.192886'),('6MD\\Q',-1,'2024-01-03 14:04:45.155353','2024-01-03 14:04:34.623096'),('7JWE`',-1,'2024-01-03 14:02:27.802538','2024-01-03 14:02:26.049311'),('9a4G3',-1,'2024-01-03 14:04:17.512492','2024-01-03 14:04:14.758634'),('9ZV8g',-1,'2024-01-03 14:09:03.061880','2024-01-03 14:09:01.327108'),('A2I\\[',-1,'2024-01-03 14:20:14.286233','2024-01-03 14:20:10.414619'),('ARIb5',-1,'2024-01-03 14:02:32.723021','2024-01-03 14:02:30.599169'),('B:N5d',-1,'2024-01-03 14:08:16.222337','2024-01-03 14:08:14.037598'),('bhBK6',-1,'2024-01-03 14:12:56.753728','2024-01-03 14:12:48.617162'),('BLCBY',-1,'2024-01-03 14:07:03.952719','2024-01-03 14:07:02.368138'),('c_<XN',-1,'2024-01-03 14:04:13.287944','2024-01-03 14:04:11.918425'),('DeZPM',-1,'2024-01-03 14:02:24.130754','2024-01-03 14:02:16.263827'),('DjEH;',-1,'2024-01-03 14:05:43.674942','2024-01-03 14:05:41.290643'),('dk\\2<',-1,'2024-01-03 14:09:06.901123','2024-01-03 14:09:05.115326'),('e9W09',-1,'2024-01-03 14:00:52.256098','2024-01-03 14:00:50.449295'),('Ec:Y8',-1,'2024-01-03 14:01:29.270137','2024-01-03 14:01:27.683856'),('ekfeY',-1,'2024-01-03 14:14:24.972344','2024-01-03 14:14:16.804441'),('ES;mP',-1,'2024-01-03 14:07:08.545245','2024-01-03 14:07:06.370171'),('F5ZL]',-1,'2024-01-03 13:59:29.741276','2024-01-03 13:59:27.219976'),('G]OVL',-1,'2024-01-03 14:02:41.099732','2024-01-03 14:02:39.407496'),('hKcbi',-1,'2024-01-03 14:09:25.365947','2024-01-03 14:09:22.387834'),('i_7h6',-1,'2024-01-03 13:59:10.457079','2024-01-03 13:59:01.208201'),('IB5KB',-1,'2024-01-03 14:20:36.501650','2024-01-03 14:20:30.661334'),('IZ2KG',-1,'2024-01-03 14:05:32.573570','2024-01-03 14:05:30.118592'),('j:@_Q',-1,'2024-01-03 14:08:12.023489','2024-01-03 14:08:07.385622'),('JO=g0',-1,'2024-01-03 13:59:24.199716','2024-01-03 13:59:18.921614'),('jSLIi',-1,'2024-01-03 14:20:03.613343','2024-01-03 14:19:58.458271'),('jU0fh',-1,'2024-01-03 14:08:05.502154','2024-01-03 14:08:02.850502'),('JW0I9',-1,'2024-01-03 14:06:41.721362','2024-01-03 14:06:37.029511'),('kP5W[',-1,'2024-01-03 14:01:46.685984','2024-01-03 14:01:43.290804'),('L6S5h',-1,'2024-01-03 14:10:50.381527','2024-01-03 14:10:46.081246'),('lBROl',-1,'2024-01-03 14:12:40.680380','2024-01-03 14:12:35.011008'),('LZgQ`',-1,'2024-01-03 14:05:26.838446','2024-01-03 14:05:25.326783'),('mCCjA',-1,'2024-01-03 14:05:50.341818','2024-01-03 14:05:49.043392'),('OjfP^',-1,'2024-01-03 14:01:24.191569','2024-01-03 14:01:21.158082'),('P]7_C',-1,'2024-01-03 14:01:04.734397','2024-01-03 14:01:02.455732'),('PkL4E',-1,'2024-01-03 14:07:00.532222','2024-01-03 14:06:57.244362'),('Q[X_T',-1,'2024-01-03 14:16:45.006046','2024-01-03 14:16:37.079798'),('QJ^0e',-1,'2024-01-03 14:15:45.632959','2024-01-03 14:15:40.176651'),('S5AM`',-1,'2024-01-03 14:13:45.573565','2024-01-03 14:13:41.977505'),('Sg3mQ',-1,'2024-01-03 13:59:35.477623','2024-01-03 13:59:33.552115'),('SKL1P',-1,'2024-01-03 14:03:59.502540','2024-01-03 14:03:55.210885'),('T6X;l',-1,'2024-01-03 14:03:51.923642','2024-01-03 14:03:49.121118'),('TgA6A',-1,'2024-01-03 14:04:21.568089','2024-01-03 14:04:19.730532'),('U\\;KP',-1,'2024-01-03 14:02:37.056393','2024-01-03 14:02:34.466089'),('XD;2c',-1,'2024-01-03 14:06:45.847128','2024-01-03 14:06:44.355317'),('Y5@kF',-1,'2024-01-03 14:14:00.746973','2024-01-03 14:13:57.049425');
INSERT INTO `roomuser` VALUES ('_HYDe',NULL,'WIN',_binary '','e9W09','eEkQl'),('_T07d',NULL,'LOSE',_binary '\0','5:CIB','^?Uig'),(';W@k4',NULL,'DRAW',_binary '','U\\;KP','X:g:S'),(':`P_@',NULL,'DRAW',_binary '\0','1Ri3[','V]G0P'),(':8mdh',NULL,'WIN',_binary '','6?edT','V]G0P'),(':H=7]',NULL,'LOSE',_binary '','SKL1P','I8NWU'),(':UYOJ',NULL,'DRAW',_binary '\0','PkL4E','cha6U'),('[HRG3',NULL,'WIN',_binary '\0','jSLIi','^?Uig'),(']<^Zl',NULL,'DRAW',_binary '\0','_aQ>i','WZfGh'),(']DQdd',NULL,'LOSE',_binary '\0','lBROl','eS>@Y'),(']Y7K>',NULL,'LOSE',_binary '\0','T6X;l','I8NWU'),('@RG^8',NULL,'WIN',_binary '\0','OjfP^','eEkQl'),('@WcK7',NULL,'WIN',_binary '','kP5W[','WZfGh'),('\\BE2H',NULL,'WIN',_binary '\0','[gO<:','I8NWU'),('\\VdAQ',NULL,'DRAW',_binary '\0','i_7h6','@;b63'),('`70;<',NULL,'WIN',_binary '\0','7JWE`','Z=VGG'),('`bEmV',NULL,'WIN',_binary '\0','bhBK6','WZfGh'),('`CS2K',NULL,'LOSE',_binary '\0','BLCBY','eS>@Y'),('`E:ZH',NULL,'LOSE',_binary '\0','?RiWY','Z=VGG'),('^L@RA',NULL,'LOSE',_binary '',']?O\\@','eEkQl'),('^LGGg',NULL,'LOSE',_binary '\0','6?edT','eS>@Y'),('^UZV1',NULL,'WIN',_binary '\0',';@C:\\','X:g:S'),('<DQC[',NULL,'LOSE',_binary '\0','0YhEO','^?Uig'),('=Jk\\e',NULL,'LOSE',_binary '','68QQ6','I8NWU'),('>MbEd',NULL,'DRAW',_binary '','DjEH;','I8NWU'),('>XSRJ',NULL,'DRAW',_binary '',';bfEm','8CN\\P'),('>Ym5B',NULL,'LOSE',_binary '','^;7Df','V]G0P'),('0@[b[',NULL,'DRAW',_binary '','_aQ>i','eEkQl'),('0l<_L',NULL,'LOSE',_binary '\0','e9W09','WZfGh'),('0U:\\7',NULL,'LOSE',_binary '','[gO<:','^?Uig'),('1>67d',NULL,'DRAW',_binary '\0','TgA6A','I8NWU'),('1lBK8',NULL,'WIN',_binary '','0YhEO','\\KJOi'),('26Ofm',NULL,'LOSE',_binary '',';@C:\\','@;b63'),('2jh0@',NULL,'DRAW',_binary '\0','DjEH;','V]G0P'),('30_[Y',NULL,'WIN',_binary '\0','SKL1P','V]G0P'),('3P6kg',NULL,'WIN',_binary '','ekfeY','V]G0P'),('4[:f5',NULL,'WIN',_binary '\0','^;7Df','I8NWU'),('4gMGB',NULL,'WIN',_binary '\0',']eE7K','^?Uig'),('4H_bk',NULL,'WIN',_binary '','mCCjA','V]G0P'),('65Aa\\',NULL,'WIN',_binary '','4a][?','cha6U'),('6ZEAI',NULL,'LOSE',_binary '\0','\\IRC_','L]T3`'),('7@:8A',NULL,'LOSE',_binary '\0','5;9;B','L]T3`'),('7\\Ac6',NULL,'WIN',_binary '\0','\\4^HP','4e:mK'),('7I4TD',NULL,'WIN',_binary '\0','G]OVL','Z=VGG'),('8^YSg',NULL,'WIN',_binary '','\\IRC_','WZfGh'),('87HTO',NULL,'LOSE',_binary '','Q[X_T','\\KJOi'),('8JE4J',NULL,'WIN',_binary '','0e@j8','V]G0P'),('98;j9',NULL,'LOSE',_binary '\0','=@DX@','eEkQl'),('a_CU7',NULL,'DRAW',_binary '','B:N5d','8CN\\P'),('A>MGG',NULL,'WIN',_binary '\0',']?O\\@','WZfGh'),('A3W]V',NULL,'WIN',_binary '','6MD\\Q','V]G0P'),('agF\\Y',NULL,'WIN',_binary '\0','S5AM`','V]G0P'),('B\\ZZ>',NULL,'WIN',_binary '\0','>W;WS','X:g:S'),('B0[0R',NULL,'WIN',_binary '\0','A2I\\[','^?Uig'),('Bagik',NULL,'LOSE',_binary '\0','IB5KB','^?Uig'),('BmYZK',NULL,'LOSE',_binary '','>W;WS','L]T3`'),('bO=3Z',NULL,'DRAW',_binary '','hKcbi','\\KJOi'),('c\\@Om',NULL,'DRAW',_binary '','^>T2Q','4e:mK'),('CfDe0',NULL,'WIN',_binary '','?RiWY','X:g:S'),('CgB:7',NULL,'WIN',_binary '\0','L6S5h','^?Uig'),('clU\\S',NULL,'WIN',_binary '','ES;mP','eS>@Y'),('cX^C[',NULL,'WIN',_binary '\0','QJ^0e','X:g:S'),('D=:;m',NULL,'WIN',_binary '\0','Sg3mQ','L]T3`'),('d1KB>',NULL,'LOSE',_binary '','9ZV8g','^?Uig'),('DCJDT',NULL,'LOSE',_binary '','bhBK6','@;b63'),('DFQf\\',NULL,'LOSE',_binary '\0',']j1Si','@;b63'),('DQ>?>',NULL,'DRAW',_binary '\0','9a4G3','I8NWU'),('DQW=L',NULL,'DRAW',_binary '\0','U\\;KP','Z=VGG'),('ecjXD',NULL,'WIN',_binary '','lBROl','WZfGh'),('El3Uh',NULL,'LOSE',_binary '','^XcW<','4e:mK'),('ElC;V',NULL,'LOSE',_binary '\0','ekfeY','\\KJOi'),('f_Oe7',NULL,'LOSE',_binary '\0','0e@j8','I8NWU'),('f?8UJ',NULL,'LOSE',_binary '\0','P]7_C','WZfGh'),('FCZ5X',NULL,'WIN',_binary '\0','F5ZL]','L]T3`'),('fI>cQ',NULL,'WIN',_binary '','@I;_2','WZfGh'),('fTSUT',NULL,'WIN',_binary '','BLCBY','cha6U'),('g`WPj',NULL,'DRAW',_binary '\0','DeZPM','Z=VGG'),('G4K?Z',NULL,'LOSE',_binary '\0','mCCjA','I8NWU'),('GcfRN',NULL,'WIN',_binary '','`XdO3','8CN\\P'),('Gh7cN',NULL,'LOSE',_binary '','[RZWU','Z=VGG'),('gJGFf',NULL,'LOSE',_binary '','Ec:Y8','eEkQl'),('gTaN0',NULL,'LOSE',_binary '','LZgQ`','V]G0P'),('hJ0;V',NULL,'LOSE',_binary '','7JWE`','X:g:S'),('HjY^8',NULL,'LOSE',_binary '\0','@I;_2','4e:mK'),('I;cH;',NULL,'DRAW',_binary '\0','=55\\h','eEkQl'),('I:0Bl',NULL,'LOSE',_binary '','L6S5h','WZfGh'),('IbP>a',NULL,'WIN',_binary '','=@DX@','WZfGh'),('iE:D@',NULL,'DRAW',_binary '\0',';bfEm','4e:mK'),('IE10T',NULL,'WIN',_binary '\0','_lGKE','V]G0P'),('iG@`V',NULL,'LOSE',_binary '','G]OVL','X:g:S'),('iJZ:4',NULL,'DRAW',_binary '\0','hKcbi','^?Uig'),('IXYef',NULL,'WIN',_binary '\0','JW0I9','eS>@Y'),('j6P^J',NULL,'LOSE',_binary '','ARIb5','Z=VGG'),('jf[0O',NULL,'LOSE',_binary '','XD;2c','cha6U'),('jja0F',NULL,'LOSE',_binary '','JW0I9','cha6U'),('JV[FD',NULL,'DRAW',_binary '','1Ri3[','I8NWU'),('jZ=\\[',NULL,'WIN',_binary '','5;9;B','V]G0P'),('k`JF]',NULL,'LOSE',_binary '','jU0fh','4e:mK'),('k2WiM',NULL,'DRAW',_binary '\0','^>T2Q','8CN\\P'),('k7eC]',NULL,'DRAW',_binary '','PkL4E','eS>@Y'),('kd^OY',NULL,'LOSE',_binary '','F5ZL]','@;b63'),('kN6HD',NULL,'WIN',_binary '\0','Ec:Y8','WZfGh'),('KQ^DO',NULL,'WIN',_binary '\0','IZ2KG','I8NWU'),('kQP1?',NULL,'DRAW',_binary '','TgA6A','V]G0P'),('L66B;',NULL,'DRAW',_binary '\0','B:N5d','4e:mK'),('l9cQ1',NULL,'WIN',_binary '\0','dk\\2<','\\KJOi'),('lHA52',NULL,'DRAW',_binary '','=55\\h','WZfGh'),('lKX1M',NULL,'LOSE',_binary '','IZ2KG','V]G0P'),('LWh?7',NULL,'DRAW',_binary '','i_7h6','L]T3`'),('m[kYU',NULL,'WIN',_binary '','IB5KB','@;b63'),('M8cB@',NULL,'WIN',_binary '','JO=g0','@;b63'),('M8fk]',NULL,'LOSE',_binary '\0','kP5W[','eEkQl'),('mE5Bh',NULL,'WIN',_binary '\0','^XcW<','8CN\\P'),('N57cd',NULL,'LOSE',_binary '\0','c_<XN','I8NWU'),('NKUfF',NULL,'LOSE',_binary '',']eE7K','\\KJOi'),('NWF;\\',NULL,'LOSE',_binary '\0','6MD\\Q','I8NWU'),('NYmA`',NULL,'LOSE',_binary '','A2I\\[','L]T3`'),('PD=5U',NULL,'LOSE',_binary '','QJ^0e','^?Uig'),('PXgF[',NULL,'WIN',_binary '\0','LZgQ`','I8NWU'),('Q\\S_O',NULL,'LOSE',_binary '','Y5@kF','Z=VGG'),('QF_D=',NULL,'DRAW',_binary '','9a4G3','V]G0P'),('QLkkI',NULL,'LOSE',_binary '','jSLIi','X:g:S'),('QM^WC',NULL,'LOSE',_binary '','OjfP^','WZfGh'),('QM9h7',NULL,'LOSE',_binary '','S5AM`','4e:mK'),('QXQ\\7',NULL,'LOSE',_binary '\0','JO=g0','L]T3`'),('RdJb=',NULL,'LOSE',_binary '','Sg3mQ','@;b63'),('Rf5dl',NULL,'WIN',_binary '\0','jU0fh','8CN\\P'),('RhS<3',NULL,'LOSE',_binary '','\\4^HP','8CN\\P'),('RRdUk',NULL,'WIN',_binary '','c_<XN','V]G0P'),('RVScY',NULL,'WIN',_binary '\0','Q[X_T','X:g:S'),('RXFL=',NULL,'WIN',_binary '\0','XD;2c','eS>@Y'),('S<]IP',NULL,'WIN',_binary '','5:CIB','\\KJOi'),('SZRAQ',NULL,'WIN',_binary '\0','[RZWU','WZfGh'),('T98?G',NULL,'DRAW',_binary '\0','j:@_Q','4e:mK'),('TmMOk',NULL,'WIN',_binary '',']j1Si','L]T3`'),('TPdL_',NULL,'DRAW',_binary '','j:@_Q','8CN\\P'),('UeWa;',NULL,'WIN',_binary '','P]7_C','eEkQl'),('V<[dZ',NULL,'LOSE',_binary '','_lGKE','I8NWU'),('V51XP',NULL,'WIN',_binary '\0','Y5@kF','V]G0P'),('VHb=7',NULL,'WIN',_binary '\0','68QQ6','V]G0P'),('WeJ_`',NULL,'LOSE',_binary '','dk\\2<','^?Uig'),('WFI[m',NULL,'LOSE',_binary '\0','ES;mP','cha6U'),('X=4f2',NULL,'WIN',_binary '','T6X;l','V]G0P'),('Y[Ale',NULL,'WIN',_binary '\0','ARIb5','X:g:S'),('Y3_YU',NULL,'WIN',_binary '\0','9ZV8g','\\KJOi'),('YF`EB',NULL,'LOSE',_binary '\0','4a][?','eS>@Y'),('Z3c]g',NULL,'LOSE',_binary '\0','`XdO3','4e:mK'),('Zca9W',NULL,'DRAW',_binary '','DeZPM','X:g:S');

